"ID","pred"
8010,0.473333333333333
8011,0.296666666666667
8012,0.616666666666667
8013,0.47
8014,0.56
8015,0.47
8016,0.493333333333333
8017,0.446666666666667
8018,0.62
8019,0.433333333333333
8020,0.316666666666667
8021,0.39
8022,0.626666666666667
8023,0.55
8024,0.386666666666667
8025,0.313333333333333
8026,0.396666666666667
8027,0.343333333333333
8028,0.51
8029,0.523333333333333
8030,0.453333333333333
8031,0.5
8032,0.45
8033,0.52
8034,0.343333333333333
8035,0.36
8036,0.396666666666667
8037,0.49
8038,0.513333333333333
8039,0.77
8040,0.386666666666667
8041,0.453333333333333
8042,0.486666666666667
8043,0.61
8044,0.3
8045,0.473333333333333
8046,0.633333333333333
8047,0.586666666666667
8048,0.466666666666667
8049,0.536666666666667
8050,0.103333333333333
8051,0.653333333333333
8052,0.613333333333333
8053,0.55
8054,0.396666666666667
8055,0.566666666666667
8056,0.656666666666667
8057,0.453333333333333
8058,0.593333333333333
8059,0.436666666666667
8060,0.59
8061,0.516666666666667
8062,0.5
8063,0.526666666666667
8064,0.783333333333333
8065,0.73
8066,0.36
8067,0.53
8068,0.453333333333333
8069,0.566666666666667
8070,0.513333333333333
8071,0.533333333333333
8072,0.533333333333333
8073,0.413333333333333
8074,0.64
8075,0.51
8076,0.636666666666667
8077,0.59
8078,0.586666666666667
8079,0.616666666666667
8080,0.433333333333333
8081,0.41
8082,0.523333333333333
8083,0.613333333333333
8084,0.573333333333333
8085,0.563333333333333
8086,0.453333333333333
8087,0.423333333333333
8088,0.72
8089,0.513333333333333
8090,0.54
8091,0.466666666666667
8092,0.443333333333333
8093,0.53
8094,0.513333333333333
8095,0.54
8096,0.48
8097,0.54
8098,0.553333333333333
8099,0.493333333333333
8100,0.54
8101,0.676666666666667
8102,0.636666666666667
8103,0.53
8104,0.596666666666667
8105,0.636666666666667
8106,0.56
8107,0.436666666666667
8108,0.6
8109,0.456666666666667
8110,0.456666666666667
8111,0.676666666666667
8112,0.503333333333333
8113,0.57
8114,0.38
8115,0.46
8116,0.483333333333333
8117,0.553333333333333
8118,0.733333333333333
8119,0.526666666666667
8120,0.676666666666667
8121,0.636666666666667
8122,0.57
8123,0.543333333333333
8124,0.523333333333333
8125,0.663333333333333
8126,0.516666666666667
8127,0.59
8128,0.523333333333333
8129,0.483333333333333
8130,0.686666666666667
8131,0.646666666666667
8132,0.493333333333333
8133,0.523333333333333
8134,0.543333333333333
8135,0.613333333333333
8136,0.573333333333333
8137,0.566666666666667
8138,0.663333333333333
8139,0.503333333333333
8140,0.46
8141,0.686666666666667
8142,0.483333333333333
8143,0.443333333333333
8144,0.67
8145,0.506666666666667
8146,0.393333333333333
8147,0.42
8148,0.496666666666667
8149,0.713333333333333
8150,0.59
8151,0.423333333333333
8152,0.486666666666667
8153,0.423333333333333
8154,0.496666666666667
8155,0.573333333333333
8156,0.483333333333333
8157,0.476666666666667
8158,0.62
8159,0.48
8160,0.62
8161,0.55
8162,0.476666666666667
8163,0.546666666666667
8164,0.51
8165,0.71
8166,0.546666666666667
8167,0.57
8168,0.57
8169,0.536666666666667
8170,0.603333333333333
8171,0.62
8172,0.69
8173,0.67
8174,0.723333333333333
8175,0.676666666666667
8176,0.556666666666667
8177,0.666666666666667
8178,0.586666666666667
8179,0.42
8180,0.523333333333333
8181,0.663333333333333
8182,0.6
8183,0.713333333333333
8184,0.51
8185,0.713333333333333
8186,0.553333333333333
8187,0.553333333333333
8188,0.676666666666667
8189,0.626666666666667
8190,0.46
8191,0.486666666666667
8192,0.606666666666667
8193,0.476666666666667
8194,0.636666666666667
8195,0.473333333333333
8196,0.573333333333333
8197,0.573333333333333
8198,0.613333333333333
8199,0.466666666666667
8200,0.47
8201,0.57
8202,0.62
8203,0.58
8204,0.383333333333333
8205,0.63
8206,0.44
8207,0.686666666666667
8208,0.47
8209,0.59
8210,0.61
8211,0.583333333333333
8212,0.6
8213,0.566666666666667
8214,0.673333333333333
8215,0.583333333333333
8216,0.59
8217,0.493333333333333
8218,0.316666666666667
8219,0.603333333333333
8220,0.33
8221,0.57
8222,0.563333333333333
8223,0.596666666666667
8224,0.526666666666667
8225,0.506666666666667
8226,0.47
8227,0.5
8228,0.733333333333333
8229,0.586666666666667
8230,0.54
8231,0.586666666666667
8232,0.68
8233,0.453333333333333
8234,0.646666666666667
8235,0.416666666666667
8236,0.516666666666667
8237,0.503333333333333
8238,0.65
8239,0.366666666666667
8240,0.406666666666667
8241,0.66
8242,0.59
8243,0.54
8244,0.436666666666667
8245,0.696666666666667
8246,0.75
8247,0.506666666666667
8248,0.59
8249,0.663333333333333
8250,0.61
8251,0.763333333333333
8252,0.573333333333333
8253,0.543333333333333
8254,0.423333333333333
8255,0.56
8256,0.43
8257,0.44
8258,0.36
8259,0.38
8260,0.193333333333333
8261,0.7
8262,0.546666666666667
8263,0.343333333333333
8264,0.556666666666667
8265,0.443333333333333
8266,0.546666666666667
8267,0.406666666666667
8268,0.4
8269,0.463333333333333
8270,0.446666666666667
8271,0.336666666666667
8272,0.446666666666667
8273,0.363333333333333
8274,0.566666666666667
8275,0.606666666666667
8276,0.66
8277,0.603333333333333
8278,0.46
8279,0.456666666666667
8280,0.576666666666667
8281,0.453333333333333
8282,0.536666666666667
8283,0.443333333333333
8284,0.503333333333333
8285,0.623333333333333
8286,0.613333333333333
8287,0.453333333333333
8288,0.506666666666667
8289,0.416666666666667
8290,0.59
8291,0.503333333333333
8292,0.55
8293,0.576666666666667
8294,0.44
8295,0.663333333333333
8296,0.603333333333333
8297,0.453333333333333
8298,0.656666666666667
8299,0.586666666666667
8300,0.513333333333333
8301,0.616666666666667
8302,0.426666666666667
8303,0.473333333333333
8304,0.496666666666667
8305,0.586666666666667
8306,0.523333333333333
8307,0.533333333333333
8308,0.51
8309,0.313333333333333
8310,0.56
8311,0.553333333333333
8312,0.74
8313,0.363333333333333
8314,0.293333333333333
8315,0.483333333333333
8316,0.606666666666667
8317,0.626666666666667
8318,0.43
8319,0.59
8320,0.533333333333333
8321,0.64
8322,0.393333333333333
8323,0.376666666666667
8324,0.363333333333333
8325,0.53
8326,0.52
8327,0.52
8328,0.436666666666667
8329,0.376666666666667
8330,0.516666666666667
8331,0.683333333333333
8332,0.426666666666667
8333,0.426666666666667
8334,0.476666666666667
8335,0.516666666666667
8336,0.47
8337,0.396666666666667
8338,0.5
8339,0.496666666666667
8340,0.546666666666667
8341,0.623333333333333
8342,0.383333333333333
8343,0.64
8344,0.47
8345,0.666666666666667
8346,0.326666666666667
8347,0.463333333333333
8348,0.703333333333333
8349,0.81
8350,0.69
8351,0.62
8352,0.656666666666667
8353,0.566666666666667
8354,0.733333333333333
8355,0.71
8356,0.426666666666667
8357,0.38
8358,0.62
8359,0.443333333333333
8360,0.446666666666667
8361,0.443333333333333
8362,0.503333333333333
8363,0.636666666666667
8364,0.51
8365,0.7
8366,0.46
8367,0.65
8368,0.603333333333333
8369,0.553333333333333
8370,0.563333333333333
8371,0.476666666666667
8372,0.54
8373,0.583333333333333
8374,0.513333333333333
8375,0.623333333333333
8376,0.603333333333333
8377,0.503333333333333
8378,0.653333333333333
8379,0.44
8380,0.643333333333333
8381,0.44
8382,0.626666666666667
8383,0.593333333333333
8384,0.58
8385,0.47
8386,0.353333333333333
8387,0.46
8388,0.643333333333333
8389,0.516666666666667
8390,0.586666666666667
8391,0.7
8392,0.633333333333333
8393,0.41
8394,0.426666666666667
8395,0.63
8396,0.726666666666667
8397,0.653333333333333
8398,0.653333333333333
8399,0.393333333333333
8400,0.43
8401,0.553333333333333
8402,0.533333333333333
8403,0.62
8404,0.693333333333333
8405,0.63
8406,0.41
8407,0.593333333333333
8408,0.48
8409,0.616666666666667
8410,0.583333333333333
8411,0.456666666666667
8412,0.566666666666667
8413,0.51
8414,0.616666666666667
8415,0.623333333333333
8416,0.743333333333333
8417,0.686666666666667
8418,0.626666666666667
8419,0.586666666666667
8420,0.656666666666667
8421,0.413333333333333
8422,0.626666666666667
8423,0.493333333333333
8424,0.68
8425,0.516666666666667
8426,0.586666666666667
8427,0.543333333333333
8428,0.47
8429,0.713333333333333
8430,0.543333333333333
8431,0.606666666666667
8432,0.433333333333333
8433,0.716666666666667
8434,0.49
8435,0.686666666666667
8436,0.556666666666667
8437,0.47
8438,0.486666666666667
8439,0.596666666666667
8440,0.76
8441,0.656666666666667
8442,0.7
8443,0.453333333333333
8444,0.48
8445,0.443333333333333
8446,0.606666666666667
8447,0.576666666666667
8448,0.476666666666667
8449,0.576666666666667
8450,0.28
8451,0.49
8452,0.666666666666667
8453,0.593333333333333
8454,0.543333333333333
8455,0.73
8456,0.616666666666667
8457,0.46
8458,0.523333333333333
8459,0.6
8460,0.406666666666667
8461,0.536666666666667
8462,0.56
8463,0.71
8464,0.68
8465,0.476666666666667
8466,0.753333333333333
8467,0.5
8468,0.66
8469,0.68
8470,0.726666666666667
8471,0.61
8472,0.476666666666667
8473,0.583333333333333
8474,0.496666666666667
8475,0.676666666666667
8476,0.563333333333333
8477,0.523333333333333
8478,0.563333333333333
8479,0.63
8480,0.38
8481,0.46
8482,0.476666666666667
8483,0.54
8484,0.59
8485,0.496666666666667
8486,0.433333333333333
8487,0.676666666666667
8488,0.6
8489,0.6
8490,0.58
8491,0.626666666666667
8492,0.55
8493,0.753333333333333
8494,0.51
8495,0.54
8496,0.483333333333333
8497,0.556666666666667
8498,0.586666666666667
8499,0.453333333333333
8500,0.516666666666667
8501,0.546666666666667
8502,0.506666666666667
8503,0.46
8504,0.466666666666667
8505,0.656666666666667
8506,0.536666666666667
8507,0.623333333333333
8508,0.606666666666667
8509,0.46
8510,0.533333333333333
8511,0.383333333333333
8512,0.67
8513,0.483333333333333
8514,0.56
8515,0.57
8516,0.56
8517,0.556666666666667
8518,0.74
8519,0.513333333333333
8520,0.51
8521,0.323333333333333
8522,0.456666666666667
8523,0.433333333333333
8524,0.68
8525,0.55
8526,0.616666666666667
8527,0.543333333333333
8528,0.47
8529,0.38
8530,0.64
8531,0.5
8532,0.513333333333333
8533,0.553333333333333
8534,0.61
8535,0.76
8536,0.536666666666667
8537,0.6
8538,0.676666666666667
8539,0.403333333333333
8540,0.596666666666667
8541,0.636666666666667
8542,0.683333333333333
8543,0.436666666666667
8544,0.583333333333333
8545,0.476666666666667
8546,0.53
8547,0.643333333333333
8548,0.613333333333333
8549,0.583333333333333
8550,0.556666666666667
8551,0.423333333333333
8552,0.583333333333333
8553,0.34
8554,0.506666666666667
8555,0.526666666666667
8556,0.38
8557,0.643333333333333
8558,0.45
8559,0.586666666666667
8560,0.35
8561,0.353333333333333
8562,0.306666666666667
8563,0.546666666666667
8564,0.66
8565,0.436666666666667
8566,0.486666666666667
8567,0.57
8568,0.676666666666667
8569,0.573333333333333
8570,0.733333333333333
8571,0.596666666666667
8572,0.513333333333333
8573,0.446666666666667
8574,0.566666666666667
8575,0.566666666666667
8576,0.586666666666667
8577,0.62
8578,0.583333333333333
8579,0.57
8580,0.75
8581,0.506666666666667
8582,0.703333333333333
8583,0.49
8584,0.68
8585,0.633333333333333
8586,0.496666666666667
8587,0.433333333333333
8588,0.426666666666667
8589,0.613333333333333
8590,0.703333333333333
8591,0.586666666666667
8592,0.64
8593,0.413333333333333
8594,0.566666666666667
8595,0.483333333333333
8596,0.52
8597,0.563333333333333
8598,0.503333333333333
8599,0.586666666666667
8600,0.616666666666667
8601,0.64
8602,0.463333333333333
8603,0.43
8604,0.47
8605,0.456666666666667
8606,0.463333333333333
8607,0.34
8608,0.656666666666667
8609,0.44
8610,0.463333333333333
8611,0.52
8612,0.39
8613,0.56
8614,0.533333333333333
8615,0.383333333333333
8616,0.673333333333333
8617,0.34
8618,0.473333333333333
8619,0.403333333333333
8620,0.633333333333333
8621,0.66
8622,0.426666666666667
8623,0.606666666666667
8624,0.496666666666667
8625,0.53
8626,0.413333333333333
8627,0.586666666666667
8628,0.573333333333333
8629,0.683333333333333
8630,0.53
8631,0.446666666666667
8632,0.356666666666667
8633,0.436666666666667
8634,0.59
8635,0.573333333333333
8636,0.416666666666667
8637,0.51
8638,0.34
8639,0.313333333333333
8640,0.463333333333333
8641,0.666666666666667
8642,0.426666666666667
8643,0.523333333333333
8644,0.613333333333333
8645,0.48
8646,0.45
8647,0.736666666666667
8648,0.593333333333333
8649,0.383333333333333
8650,0.433333333333333
8651,0.41
8652,0.566666666666667
8653,0.573333333333333
8654,0.41
8655,0.326666666666667
8656,0.406666666666667
8657,0.426666666666667
8658,0.36
8659,0.643333333333333
8660,0.553333333333333
8661,0.473333333333333
8662,0.403333333333333
8663,0.47
8664,0.643333333333333
8665,0.656666666666667
8666,0.583333333333333
8667,0.44
8668,0.53
8669,0.53
8670,0.426666666666667
8671,0.573333333333333
8672,0.56
8673,0.53
8674,0.58
8675,0.693333333333333
8676,0.43
8677,0.586666666666667
8678,0.493333333333333
8679,0.54
8680,0.483333333333333
8681,0.643333333333333
8682,0.566666666666667
8683,0.573333333333333
8684,0.47
8685,0.713333333333333
8686,0.613333333333333
8687,0.693333333333333
8688,0.636666666666667
8689,0.493333333333333
8690,0.566666666666667
8691,0.463333333333333
8692,0.61
8693,0.48
8694,0.593333333333333
8695,0.613333333333333
8696,0.573333333333333
8697,0.586666666666667
8698,0.703333333333333
8699,0.536666666666667
8700,0.503333333333333
8701,0.606666666666667
8702,0.423333333333333
8703,0.466666666666667
8704,0.46
8705,0.643333333333333
8706,0.63
8707,0.42
8708,0.45
8709,0.326666666666667
8710,0.46
8711,0.623333333333333
8712,0.556666666666667
8713,0.496666666666667
8714,0.526666666666667
8715,0.556666666666667
8716,0.51
8717,0.54
8718,0.45
8719,0.636666666666667
8720,0.663333333333333
8721,0.543333333333333
8722,0.56
8723,0.663333333333333
8724,0.463333333333333
8725,0.616666666666667
8726,0.803333333333333
8727,0.653333333333333
8728,0.623333333333333
8729,0.646666666666667
8730,0.5
8731,0.366666666666667
8732,0.416666666666667
8733,0.556666666666667
8734,0.593333333333333
8735,0.61
8736,0.613333333333333
8737,0.546666666666667
8738,0.61
8739,0.473333333333333
8740,0.553333333333333
8741,0.553333333333333
8742,0.67
8743,0.566666666666667
8744,0.693333333333333
8745,0.566666666666667
8746,0.49
8747,0.546666666666667
8748,0.6
8749,0.536666666666667
8750,0.57
8751,0.576666666666667
8752,0.496666666666667
8753,0.43
8754,0.696666666666667
8755,0.48
8756,0.533333333333333
8757,0.656666666666667
8758,0.69
8759,0.503333333333333
8760,0.7
8761,0.576666666666667
8762,0.44
8763,0.656666666666667
8764,0.466666666666667
8765,0.553333333333333
8766,0.72
8767,0.48
8768,0.523333333333333
8769,0.47
8770,0.573333333333333
8771,0.52
8772,0.54
8773,0.53
8774,0.47
8775,0.753333333333333
8776,0.443333333333333
8777,0.723333333333333
8778,0.556666666666667
8779,0.48
8780,0.45
8781,0.38
8782,0.58
8783,0.533333333333333
8784,0.483333333333333
8785,0.376666666666667
8786,0.516666666666667
8787,0.723333333333333
8788,0.53
8789,0.593333333333333
8790,0.56
8791,0.59
8792,0.543333333333333
8793,0.63
8794,0.626666666666667
8795,0.456666666666667
8796,0.593333333333333
8797,0.62
8798,0.486666666666667
8799,0.49
8800,0.593333333333333
8801,0.703333333333333
8802,0.616666666666667
8803,0.556666666666667
8804,0.693333333333333
8805,0.483333333333333
8806,0.576666666666667
8807,0.476666666666667
8808,0.48
8809,0.593333333333333
8810,0.583333333333333
8811,0.593333333333333
8812,0.673333333333333
8813,0.396666666666667
8814,0.423333333333333
8815,0.67
8816,0.576666666666667
8817,0.623333333333333
8818,0.403333333333333
8819,0.47
8820,0.453333333333333
8821,0.6
8822,0.503333333333333
8823,0.493333333333333
8824,0.703333333333333
8825,0.453333333333333
8826,0.493333333333333
8827,0.563333333333333
8828,0.586666666666667
8829,0.386666666666667
8830,0.266666666666667
8831,0.403333333333333
8832,0.483333333333333
8833,0.44
8834,0.646666666666667
8835,0.48
8836,0.28
8837,0.376666666666667
8838,0.42
8839,0.57
8840,0.546666666666667
8841,0.386666666666667
8842,0.536666666666667
8843,0.7
8844,0.446666666666667
8845,0.473333333333333
8846,0.753333333333333
8847,0.57
8848,0.456666666666667
8849,0.496666666666667
8850,0.583333333333333
8851,0.606666666666667
8852,0.66
8853,0.533333333333333
8854,0.51
8855,0.603333333333333
8856,0.37
8857,0.59
8858,0.523333333333333
8859,0.65
8860,0.42
8861,0.766666666666667
8862,0.516666666666667
8863,0.723333333333333
8864,0.456666666666667
8865,0.536666666666667
8866,0.503333333333333
8867,0.383333333333333
8868,0.463333333333333
8869,0.49
8870,0.346666666666667
8871,0.5
8872,0.486666666666667
8873,0.363333333333333
8874,0.59
8875,0.313333333333333
8876,0.27
8877,0.313333333333333
8878,0.45
8879,0.433333333333333
8880,0.73
8881,0.496666666666667
8882,0.676666666666667
8883,0.656666666666667
8884,0.57
8885,0.513333333333333
8886,0.533333333333333
8887,0.606666666666667
8888,0.383333333333333
8889,0.606666666666667
8890,0.55
8891,0.46
8892,0.5
8893,0.503333333333333
8894,0.49
8895,0.716666666666667
8896,0.346666666666667
8897,0.58
8898,0.513333333333333
8899,0.553333333333333
8900,0.65
8901,0.6
8902,0.476666666666667
8903,0.47
8904,0.383333333333333
8905,0.443333333333333
8906,0.483333333333333
8907,0.513333333333333
8908,0.49
8909,0.646666666666667
8910,0.686666666666667
8911,0.463333333333333
8912,0.523333333333333
8913,0.43
8914,0.663333333333333
8915,0.406666666666667
8916,0.43
8917,0.45
8918,0.726666666666667
8919,0.393333333333333
8920,0.33
8921,0.713333333333333
8922,0.613333333333333
8923,0.49
8924,0.75
8925,0.54
8926,0.423333333333333
8927,0.546666666666667
8928,0.0933333333333333
8929,0.443333333333333
8930,0.533333333333333
8931,0.413333333333333
8932,0.386666666666667
8933,0.756666666666667
8934,0.133333333333333
8935,0.37
8936,0.466666666666667
8937,0.47
8938,0.446666666666667
8939,0.22
8940,0.573333333333333
8941,0.583333333333333
8942,0.573333333333333
8943,0.6
8944,0.576666666666667
8945,0.53
8946,0.62
8947,0.496666666666667
8948,0.626666666666667
8949,0.636666666666667
8950,0.57
8951,0.623333333333333
8952,0.49
8953,0.393333333333333
8954,0.706666666666667
8955,0.543333333333333
8956,0.543333333333333
8957,0.62
8958,0.663333333333333
8959,0.656666666666667
8960,0.526666666666667
8961,0.506666666666667
8962,0.573333333333333
8963,0.546666666666667
8964,0.67
8965,0.576666666666667
8966,0.736666666666667
8967,0.623333333333333
8968,0.733333333333333
8969,0.64
8970,0.536666666666667
8971,0.666666666666667
8972,0.516666666666667
8973,0.63
8974,0.59
8975,0.573333333333333
8976,0.583333333333333
8977,0.486666666666667
8978,0.58
8979,0.423333333333333
8980,0.526666666666667
8981,0.37
8982,0.64
8983,0.52
8984,0.53
8985,0.636666666666667
8986,0.68
8987,0.516666666666667
8988,0.726666666666667
8989,0.466666666666667
8990,0.706666666666667
8991,0.73
8992,0.51
8993,0.54
8994,0.513333333333333
8995,0.596666666666667
8996,0.49
8997,0.57
8998,0.746666666666667
8999,0.6
9000,0.666666666666667
9001,0.37
9002,0.56
9003,0.513333333333333
9004,0.593333333333333
9005,0.666666666666667
9006,0.316666666666667
9007,0.576666666666667
9008,0.453333333333333
9009,0.656666666666667
9010,0.613333333333333
9011,0.63
9012,0.41
9013,0.45
9014,0.37
9015,0.56
9016,0.47
9017,0.47
9018,0.586666666666667
9019,0.596666666666667
9020,0.456666666666667
9021,0.65
9022,0.633333333333333
9023,0.64
9024,0.613333333333333
9025,0.486666666666667
9026,0.563333333333333
9027,0.466666666666667
9028,0.596666666666667
9029,0.516666666666667
9030,0.556666666666667
9031,0.553333333333333
9032,0.546666666666667
9033,0.516666666666667
9034,0.59
9035,0.586666666666667
9036,0.43
9037,0.656666666666667
9038,0.536666666666667
9039,0.51
9040,0.496666666666667
9041,0.52
9042,0.463333333333333
9043,0.43
9044,0.576666666666667
9045,0.42
9046,0.526666666666667
9047,0.6
9048,0.726666666666667
9049,0.423333333333333
9050,0.443333333333333
9051,0.653333333333333
9052,0.656666666666667
9053,0.523333333333333
9054,0.5
9055,0.443333333333333
9056,0.466666666666667
9057,0.586666666666667
9058,0.51
9059,0.496666666666667
9060,0.683333333333333
9061,0.523333333333333
9062,0.493333333333333
9063,0.646666666666667
9064,0.556666666666667
9065,0.486666666666667
9066,0.52
9067,0.453333333333333
9068,0.62
9069,0.573333333333333
9070,0.58
9071,0.59
9072,0.666666666666667
9073,0.683333333333333
9074,0.42
9075,0.496666666666667
9076,0.396666666666667
9077,0.673333333333333
9078,0.45
9079,0.546666666666667
9080,0.62
9081,0.483333333333333
9082,0.486666666666667
9083,0.566666666666667
9084,0.623333333333333
9085,0.733333333333333
9086,0.33
9087,0.59
9088,0.623333333333333
9089,0.633333333333333
9090,0.596666666666667
9091,0.493333333333333
9092,0.436666666666667
9093,0.466666666666667
9094,0.43
9095,0.67
9096,0.436666666666667
9097,0.363333333333333
9098,0.566666666666667
9099,0.493333333333333
9100,0.363333333333333
9101,0.45
9102,0.45
9103,0.25
9104,0.606666666666667
9105,0.526666666666667
9106,0.456666666666667
9107,0.406666666666667
9108,0.466666666666667
9109,0.67
9110,0.723333333333333
9111,0.626666666666667
9112,0.71
9113,0.593333333333333
9114,0.303333333333333
9115,0.51
9116,0.466666666666667
9117,0.49
9118,0.56
9119,0.6
9120,0.54
9121,0.613333333333333
9122,0.586666666666667
9123,0.47
9124,0.423333333333333
9125,0.4
9126,0.686666666666667
9127,0.553333333333333
9128,0.526666666666667
9129,0.6
9130,0.623333333333333
9131,0.65
9132,0.666666666666667
9133,0.52
9134,0.583333333333333
9135,0.436666666666667
9136,0.56
9137,0.626666666666667
9138,0.4
9139,0.49
9140,0.266666666666667
9141,0.55
9142,0.52
9143,0.386666666666667
9144,0.15
9145,0.486666666666667
9146,0.653333333333333
9147,0.25
9148,0.516666666666667
9149,0.193333333333333
9150,0.653333333333333
9151,0.456666666666667
9152,0.503333333333333
9153,0.54
9154,0.526666666666667
9155,0.616666666666667
9156,0.41
9157,0.483333333333333
9158,0.31
9159,0.69
9160,0.503333333333333
9161,0.406666666666667
9162,0.466666666666667
9163,0.413333333333333
9164,0.42
9165,0.543333333333333
9166,0.516666666666667
9167,0.363333333333333
9168,0.3
9169,0.33
9170,0.65
9171,0.483333333333333
9172,0.683333333333333
9173,0.573333333333333
9174,0.686666666666667
9175,0.553333333333333
9176,0.45
9177,0.69
9178,0.0433333333333333
9179,0.49
9180,0.41
9181,0.556666666666667
9182,0.49
9183,0.36
9184,0.71
9185,0.326666666666667
9186,0.533333333333333
9187,0.546666666666667
9188,0.666666666666667
9189,0.533333333333333
9190,0.613333333333333
9191,0.436666666666667
9192,0.616666666666667
9193,0.423333333333333
9194,0.516666666666667
9195,0.58
9196,0.57
9197,0.51
9198,0.513333333333333
9199,0.7
9200,0.52
9201,0.593333333333333
9202,0.633333333333333
9203,0.63
9204,0.613333333333333
9205,0.67
9206,0.38
9207,0.433333333333333
9208,0.513333333333333
9209,0.423333333333333
9210,0.583333333333333
9211,0.513333333333333
9212,0.766666666666667
9213,0.643333333333333
9214,0.41
9215,0.656666666666667
9216,0.463333333333333
9217,0.606666666666667
9218,0.563333333333333
9219,0.666666666666667
9220,0.56
9221,0.493333333333333
9222,0.506666666666667
9223,0.583333333333333
9224,0.473333333333333
9225,0.576666666666667
9226,0.546666666666667
9227,0.433333333333333
9228,0.606666666666667
9229,0.556666666666667
9230,0.413333333333333
9231,0.536666666666667
9232,0.526666666666667
9233,0.363333333333333
9234,0.46
9235,0.443333333333333
9236,0.423333333333333
9237,0.733333333333333
9238,0.553333333333333
9239,0.503333333333333
9240,0.616666666666667
9241,0.57
9242,0.543333333333333
9243,0.583333333333333
9244,0.583333333333333
9245,0.533333333333333
9246,0.38
9247,0.503333333333333
9248,0.52
9249,0.633333333333333
9250,0.436666666666667
9251,0.62
9252,0.353333333333333
9253,0.626666666666667
9254,0.703333333333333
9255,0.52
9256,0.6
9257,0.533333333333333
9258,0.526666666666667
9259,0.54
9260,0.63
9261,0.513333333333333
9262,0.483333333333333
9263,0.516666666666667
9264,0.706666666666667
9265,0.493333333333333
9266,0.65
9267,0.513333333333333
9268,0.563333333333333
9269,0.46
9270,0.6
9271,0.706666666666667
9272,0.653333333333333
9273,0.623333333333333
9274,0.713333333333333
9275,0.54
9276,0.48
9277,0.476666666666667
9278,0.516666666666667
9279,0.686666666666667
9280,0.676666666666667
9281,0.3
9282,0.663333333333333
9283,0.736666666666667
9284,0.6
9285,0.5
9286,0.423333333333333
9287,0.453333333333333
9288,0.563333333333333
9289,0.43
9290,0.366666666666667
9291,0.506666666666667
9292,0.586666666666667
9293,0.593333333333333
9294,0.453333333333333
9295,0.776666666666667
9296,0.39
9297,0.516666666666667
9298,0.666666666666667
9299,0.53
9300,0.54
9301,0.65
9302,0.813333333333333
9303,0.566666666666667
9304,0.496666666666667
9305,0.52
9306,0.623333333333333
9307,0.573333333333333
9308,0.576666666666667
9309,0.65
9310,0.593333333333333
9311,0.696666666666667
9312,0.543333333333333
9313,0.473333333333333
9314,0.6
9315,0.376666666666667
9316,0.516666666666667
9317,0.616666666666667
9318,0.393333333333333
9319,0.57
9320,0.7
9321,0.603333333333333
9322,0.693333333333333
9323,0.46
9324,0.453333333333333
9325,0.62
9326,0.433333333333333
9327,0.516666666666667
9328,0.466666666666667
9329,0.56
9330,0.493333333333333
9331,0.353333333333333
9332,0.616666666666667
9333,0.43
9334,0.616666666666667
9335,0.5
9336,0.53
9337,0.466666666666667
9338,0.476666666666667
9339,0.573333333333333
9340,0.59
9341,0.613333333333333
9342,0.566666666666667
9343,0.583333333333333
9344,0.636666666666667
9345,0.58
9346,0.726666666666667
9347,0.646666666666667
9348,0.61
9349,0.65
9350,0.56
9351,0.68
9352,0.46
9353,0.443333333333333
9354,0.543333333333333
9355,0.466666666666667
9356,0.296666666666667
9357,0.59
9358,0.616666666666667
9359,0.603333333333333
9360,0.58
9361,0.456666666666667
9362,0.323333333333333
9363,0.54
9364,0.456666666666667
9365,0.48
9366,0.54
9367,0.603333333333333
9368,0.403333333333333
9369,0.48
9370,0.586666666666667
9371,0.546666666666667
9372,0.526666666666667
9373,0.55
9374,0.706666666666667
9375,0.58
9376,0.593333333333333
9377,0.54
9378,0.41
9379,0.523333333333333
9380,0.61
9381,0.636666666666667
9382,0.533333333333333
9383,0.69
9384,0.533333333333333
9385,0.67
9386,0.643333333333333
9387,0.366666666666667
9388,0.656666666666667
9389,0.493333333333333
9390,0.65
9391,0.61
9392,0.61
9393,0.64
9394,0.493333333333333
9395,0.663333333333333
9396,0.506666666666667
9397,0.366666666666667
9398,0.496666666666667
9399,0.55
9400,0.466666666666667
9401,0.413333333333333
9402,0.41
9403,0.496666666666667
9404,0.343333333333333
9405,0.716666666666667
9406,0.456666666666667
9407,0.476666666666667
9408,0.4
9409,0.453333333333333
9410,0.4
9411,0.463333333333333
9412,0.44
9413,0.666666666666667
9414,0.296666666666667
9415,0.446666666666667
9416,0.523333333333333
9417,0.546666666666667
9418,0.426666666666667
9419,0.5
9420,0.476666666666667
9421,0.396666666666667
9422,0.253333333333333
9423,0.363333333333333
9424,0.296666666666667
9425,0.44
9426,0.466666666666667
9427,0.486666666666667
9428,0.563333333333333
9429,0.386666666666667
9430,0.536666666666667
9431,0.553333333333333
9432,0.503333333333333
9433,0.546666666666667
9434,0.44
9435,0.183333333333333
9436,0.55
9437,0.583333333333333
9438,0.32
9439,0.306666666666667
9440,0.383333333333333
9441,0.613333333333333
9442,0.426666666666667
9443,0.396666666666667
9444,0.36
9445,0.57
9446,0.623333333333333
9447,0.73
9448,0.546666666666667
9449,0.52
9450,0.49
9451,0.27
9452,0.46
9453,0.483333333333333
9454,0.546666666666667
9455,0.553333333333333
9456,0.563333333333333
9457,0.41
9458,0.543333333333333
9459,0.603333333333333
9460,0.586666666666667
9461,0.58
9462,0.523333333333333
9463,0.49
9464,0.54
9465,0.486666666666667
9466,0.39
9467,0.593333333333333
9468,0.613333333333333
9469,0.49
9470,0.39
9471,0.483333333333333
9472,0.653333333333333
9473,0.673333333333333
9474,0.633333333333333
9475,0.603333333333333
9476,0.566666666666667
9477,0.713333333333333
9478,0.53
9479,0.553333333333333
9480,0.66
9481,0.503333333333333
9482,0.663333333333333
9483,0.586666666666667
9484,0.42
9485,0.546666666666667
9486,0.663333333333333
9487,0.696666666666667
9488,0.553333333333333
9489,0.566666666666667
9490,0.453333333333333
9491,0.766666666666667
9492,0.736666666666667
9493,0.65
9494,0.66
9495,0.646666666666667
9496,0.596666666666667
9497,0.463333333333333
9498,0.696666666666667
9499,0.443333333333333
9500,0.44
9501,0.673333333333333
9502,0.76
9503,0.49
9504,0.656666666666667
9505,0.5
9506,0.516666666666667
9507,0.56
9508,0.643333333333333
9509,0.62
9510,0.686666666666667
9511,0.693333333333333
9512,0.61
9513,0.673333333333333
9514,0.423333333333333
9515,0.57
9516,0.626666666666667
9517,0.543333333333333
9518,0.686666666666667
9519,0.613333333333333
9520,0.67
9521,0.66
9522,0.6
9523,0.583333333333333
9524,0.433333333333333
9525,0.506666666666667
9526,0.533333333333333
9527,0.566666666666667
9528,0.563333333333333
9529,0.413333333333333
9530,0.336666666666667
9531,0.583333333333333
9532,0.68
9533,0.58
9534,0.346666666666667
9535,0.52
9536,0.71
9537,0.693333333333333
9538,0.476666666666667
9539,0.64
9540,0.4
9541,0.586666666666667
9542,0.343333333333333
9543,0.423333333333333
9544,0.706666666666667
9545,0.62
9546,0.466666666666667
9547,0.61
9548,0.536666666666667
9549,0.516666666666667
9550,0.543333333333333
9551,0.58
9552,0.506666666666667
9553,0.57
9554,0.676666666666667
9555,0.736666666666667
9556,0.686666666666667
9557,0.45
9558,0.27
9559,0.54
9560,0.63
9561,0.59
9562,0.736666666666667
9563,0.576666666666667
9564,0.64
9565,0.673333333333333
9566,0.38
9567,0.69
9568,0.526666666666667
9569,0.573333333333333
9570,0.573333333333333
9571,0.343333333333333
9572,0.516666666666667
9573,0.443333333333333
9574,0.693333333333333
9575,0.51
9576,0.423333333333333
9577,0.483333333333333
9578,0.613333333333333
9579,0.543333333333333
9580,0.556666666666667
9581,0.57
9582,0.546666666666667
9583,0.64
9584,0.563333333333333
9585,0.516666666666667
9586,0.47
9587,0.393333333333333
9588,0.576666666666667
9589,0.6
9590,0.47
9591,0.58
9592,0.4
9593,0.646666666666667
9594,0.563333333333333
9595,0.56
9596,0.673333333333333
9597,0.343333333333333
9598,0.56
9599,0.443333333333333
9600,0.626666666666667
9601,0.473333333333333
9602,0.656666666666667
9603,0.59
9604,0.34
9605,0.573333333333333
9606,0.61
9607,0.416666666666667
9608,0.566666666666667
9609,0.46
9610,0.343333333333333
9611,0.583333333333333
9612,0.473333333333333
9613,0.43
9614,0.713333333333333
9615,0.62
9616,0.596666666666667
9617,0.626666666666667
9618,0.373333333333333
9619,0.53
9620,0.413333333333333
9621,0.616666666666667
9622,0.636666666666667
9623,0.556666666666667
9624,0.656666666666667
9625,0.42
9626,0.48
9627,0.616666666666667
9628,0.303333333333333
9629,0.6
9630,0.473333333333333
9631,0.593333333333333
9632,0.313333333333333
9633,0.0766666666666667
9634,0.28
9635,0.516666666666667
9636,0.413333333333333
9637,0.276666666666667
9638,0.496666666666667
9639,0.636666666666667
9640,0.453333333333333
9641,0.383333333333333
9642,0.54
9643,0.54
9644,0.593333333333333
9645,0.62
9646,0.6
9647,0.506666666666667
9648,0.493333333333333
9649,0.293333333333333
9650,0.4
9651,0.583333333333333
9652,0.4
9653,0.64
9654,0.45
9655,0.563333333333333
9656,0.256666666666667
9657,0.57
9658,0.593333333333333
9659,0.463333333333333
9660,0.353333333333333
9661,0.456666666666667
9662,0.513333333333333
9663,0.603333333333333
9664,0.166666666666667
9665,0.296666666666667
9666,0.456666666666667
9667,0.353333333333333
9668,0.556666666666667
9669,0.523333333333333
9670,0.47
9671,0.543333333333333
9672,0.76
9673,0.533333333333333
9674,0.44
9675,0.513333333333333
9676,0.336666666666667
9677,0.61
9678,0.646666666666667
9679,0.35
9680,0.4
9681,0.393333333333333
9682,0.42
9683,0.59
9684,0.556666666666667
9685,0.646666666666667
9686,0.366666666666667
9687,0.41
9688,0.42
9689,0.713333333333333
9690,0.526666666666667
9691,0.32
9692,0.466666666666667
9693,0.573333333333333
9694,0.41
9695,0.77
9696,0.566666666666667
9697,0.323333333333333
9698,0.493333333333333
9699,0.39
9700,0.706666666666667
9701,0.62
9702,0.6
9703,0.506666666666667
9704,0.443333333333333
9705,0.623333333333333
9706,0.686666666666667
9707,0.61
9708,0.543333333333333
9709,0.473333333333333
9710,0.46
9711,0.556666666666667
9712,0.45
9713,0.606666666666667
9714,0.62
9715,0.583333333333333
9716,0.43
9717,0.643333333333333
9718,0.426666666666667
9719,0.676666666666667
9720,0.493333333333333
9721,0.596666666666667
9722,0.466666666666667
9723,0.59
9724,0.653333333333333
9725,0.606666666666667
9726,0.496666666666667
9727,0.523333333333333
9728,0.573333333333333
9729,0.543333333333333
9730,0.623333333333333
9731,0.626666666666667
9732,0.536666666666667
9733,0.573333333333333
9734,0.45
9735,0.49
9736,0.35
9737,0.513333333333333
9738,0.546666666666667
9739,0.633333333333333
9740,0.536666666666667
9741,0.59
9742,0.703333333333333
9743,0.626666666666667
9744,0.47
9745,0.463333333333333
9746,0.696666666666667
9747,0.663333333333333
9748,0.54
9749,0.656666666666667
9750,0.506666666666667
9751,0.526666666666667
9752,0.593333333333333
9753,0.586666666666667
9754,0.593333333333333
9755,0.646666666666667
9756,0.4
9757,0.62
9758,0.436666666666667
9759,0.483333333333333
9760,0.616666666666667
9761,0.43
9762,0.576666666666667
9763,0.646666666666667
9764,0.533333333333333
9765,0.693333333333333
9766,0.58
9767,0.64
9768,0.57
9769,0.383333333333333
9770,0.543333333333333
9771,0.59
9772,0.58
9773,0.593333333333333
9774,0.44
9775,0.59
9776,0.636666666666667
9777,0.526666666666667
9778,0.623333333333333
9779,0.583333333333333
9780,0.473333333333333
9781,0.436666666666667
9782,0.6
9783,0.666666666666667
9784,0.61
9785,0.37
9786,0.753333333333333
9787,0.606666666666667
9788,0.7
9789,0.62
9790,0.616666666666667
9791,0.51
9792,0.69
9793,0.51
9794,0.623333333333333
9795,0.696666666666667
9796,0.543333333333333
9797,0.64
9798,0.623333333333333
9799,0.43
9800,0.483333333333333
9801,0.566666666666667
9802,0.63
9803,0.37
9804,0.556666666666667
9805,0.583333333333333
9806,0.686666666666667
9807,0.516666666666667
9808,0.596666666666667
9809,0.413333333333333
9810,0.546666666666667
9811,0.44
9812,0.536666666666667
9813,0.626666666666667
9814,0.633333333333333
9815,0.56
9816,0.576666666666667
9817,0.536666666666667
9818,0.423333333333333
9819,0.633333333333333
9820,0.616666666666667
9821,0.606666666666667
9822,0.71
9823,0.57
9824,0.45
9825,0.523333333333333
9826,0.603333333333333
9827,0.61
9828,0.583333333333333
9829,0.576666666666667
9830,0.37
9831,0.726666666666667
9832,0.623333333333333
9833,0.576666666666667
9834,0.393333333333333
9835,0.603333333333333
9836,0.416666666666667
9837,0.623333333333333
9838,0.553333333333333
9839,0.51
9840,0.516666666666667
9841,0.653333333333333
9842,0.373333333333333
9843,0.593333333333333
9844,0.526666666666667
9845,0.62
9846,0.65
9847,0.563333333333333
9848,0.65
9849,0.633333333333333
9850,0.43
9851,0.58
9852,0.706666666666667
9853,0.483333333333333
9854,0.426666666666667
9855,0.573333333333333
9856,0.446666666666667
9857,0.616666666666667
9858,0.476666666666667
9859,0.553333333333333
9860,0.583333333333333
9861,0.59
9862,0.553333333333333
9863,0.57
9864,0.636666666666667
9865,0.603333333333333
9866,0.493333333333333
9867,0.413333333333333
9868,0.513333333333333
9869,0.606666666666667
9870,0.463333333333333
9871,0.6
9872,0.473333333333333
9873,0.716666666666667
9874,0.523333333333333
9875,0.47
9876,0.546666666666667
9877,0.443333333333333
9878,0.623333333333333
9879,0.456666666666667
9880,0.446666666666667
9881,0.49
9882,0.596666666666667
9883,0.456666666666667
9884,0.566666666666667
9885,0.456666666666667
9886,0.586666666666667
9887,0.776666666666667
9888,0.303333333333333
9889,0.523333333333333
9890,0.44
9891,0.66
9892,0.386666666666667
9893,0.546666666666667
9894,0.506666666666667
9895,0.653333333333333
9896,0.776666666666667
9897,0.59
9898,0.526666666666667
9899,0.57
9900,0.45
9901,0.536666666666667
9902,0.626666666666667
9903,0.67
9904,0.59
9905,0.543333333333333
9906,0.456666666666667
9907,0.51
9908,0.57
9909,0.406666666666667
9910,0.643333333333333
9911,0.566666666666667
9912,0.576666666666667
9913,0.59
9914,0.556666666666667
9915,0.346666666666667
9916,0.526666666666667
9917,0.733333333333333
9918,0.363333333333333
9919,0.336666666666667
9920,0.5
9921,0.686666666666667
9922,0.616666666666667
9923,0.386666666666667
9924,0.41
9925,0.62
9926,0.456666666666667
9927,0.55
9928,0.453333333333333
9929,0.436666666666667
9930,0.45
9931,0.406666666666667
9932,0.34
9933,0.44
9934,0.353333333333333
9935,0.583333333333333
9936,0.463333333333333
9937,0.413333333333333
9938,0.623333333333333
9939,0.506666666666667
9940,0.436666666666667
9941,0.55
9942,0.436666666666667
9943,0.42
9944,0.646666666666667
9945,0.516666666666667
9946,0.253333333333333
9947,0.41
9948,0.58
9949,0.4
9950,0.516666666666667
9951,0.416666666666667
9952,0.5
9953,0.513333333333333
9954,0.43
9955,0.626666666666667
9956,0.383333333333333
9957,0.533333333333333
9958,0.373333333333333
9959,0.326666666666667
9960,0.553333333333333
9961,0.55
9962,0.473333333333333
9963,0.6
9964,0.56
9965,0.36
9966,0.536666666666667
9967,0.486666666666667
9968,0.603333333333333
9969,0.663333333333333
9970,0.716666666666667
9971,0.566666666666667
9972,0.563333333333333
9973,0.58
9974,0.456666666666667
9975,0.503333333333333
9976,0.613333333333333
9977,0.606666666666667
9978,0.753333333333333
9979,0.58
9980,0.613333333333333
9981,0.52
9982,0.62
9983,0.476666666666667
9984,0.45
9985,0.496666666666667
9986,0.353333333333333
9987,0.54
9988,0.58
9989,0.643333333333333
9990,0.6
9991,0.546666666666667
9992,0.68
9993,0.496666666666667
9994,0.393333333333333
9995,0.533333333333333
9996,0.526666666666667
9997,0.593333333333333
9998,0.45
9999,0.396666666666667
10000,0.636666666666667
10001,0.403333333333333
10002,0.523333333333333
10003,0.586666666666667
10004,0.46
10005,0.636666666666667
10006,0.52
10007,0.426666666666667
10008,0.55
10009,0.513333333333333
10010,0.516666666666667
10011,0.546666666666667
10012,0.563333333333333
10013,0.506666666666667
10014,0.56
10015,0.633333333333333
10016,0.356666666666667
10017,0.59
10018,0.57
10019,0.303333333333333
10020,0.48
10021,0.53
10022,0.45
10023,0.526666666666667
10024,0.63
10025,0.44
10026,0.543333333333333
10027,0.566666666666667
10028,0.54
10029,0.433333333333333
10030,0.686666666666667
10031,0.696666666666667
10032,0.6
10033,0.653333333333333
10034,0.573333333333333
10035,0.54
10036,0.24
10037,0.543333333333333
10038,0.513333333333333
10039,0.5
10040,0.576666666666667
10041,0.586666666666667
10042,0.676666666666667
10043,0.586666666666667
10044,0.543333333333333
10045,0.476666666666667
10046,0.616666666666667
10047,0.556666666666667
10048,0.573333333333333
10049,0.596666666666667
10050,0.483333333333333
10051,0.616666666666667
10052,0.47
10053,0.793333333333333
10054,0.503333333333333
10055,0.61
10056,0.456666666666667
10057,0.55
10058,0.806666666666667
10059,0.656666666666667
10060,0.47
10061,0.536666666666667
10062,0.59
10063,0.6
10064,0.363333333333333
10065,0.603333333333333
10066,0.7
10067,0.586666666666667
10068,0.506666666666667
10069,0.36
10070,0.486666666666667
10071,0.636666666666667
10072,0.53
10073,0.616666666666667
10074,0.7
10075,0.636666666666667
10076,0.463333333333333
10077,0.436666666666667
10078,0.6
10079,0.51
10080,0.36
10081,0.553333333333333
10082,0.63
10083,0.473333333333333
10084,0.603333333333333
10085,0.41
10086,0.556666666666667
10087,0.583333333333333
10088,0.656666666666667
10089,0.413333333333333
10090,0.623333333333333
10091,0.54
10092,0.46
10093,0.61
10094,0.58
10095,0.37
10096,0.496666666666667
10097,0.703333333333333
10098,0.583333333333333
10099,0.546666666666667
10100,0.63
10101,0.596666666666667
10102,0.593333333333333
10103,0.653333333333333
10104,0.693333333333333
10105,0.513333333333333
10106,0.42
10107,0.563333333333333
10108,0.633333333333333
10109,0.51
10110,0.4
10111,0.38
10112,0.496666666666667
10113,0.493333333333333
10114,0.48
10115,0.613333333333333
10116,0.673333333333333
10117,0.68
10118,0.64
10119,0.74
10120,0.546666666666667
10121,0.576666666666667
10122,0.546666666666667
10123,0.563333333333333
10124,0.463333333333333
10125,0.543333333333333
10126,0.71
10127,0.516666666666667
10128,0.586666666666667
10129,0.523333333333333
10130,0.446666666666667
10131,0.45
10132,0.536666666666667
10133,0.59
10134,0.763333333333333
10135,0.596666666666667
10136,0.37
10137,0.556666666666667
10138,0.546666666666667
10139,0.596666666666667
10140,0.64
10141,0.433333333333333
10142,0.68
10143,0.526666666666667
10144,0.5
10145,0.59
10146,0.553333333333333
10147,0.57
10148,0.666666666666667
10149,0.67
10150,0.606666666666667
10151,0.413333333333333
10152,0.46
10153,0.54
10154,0.343333333333333
10155,0.563333333333333
10156,0.453333333333333
10157,0.593333333333333
10158,0.393333333333333
10159,0.44
10160,0.64
10161,0.44
10162,0.603333333333333
10163,0.593333333333333
10164,0.65
10165,0.56
10166,0.496666666666667
10167,0.61
10168,0.53
10169,0.66
10170,0.47
10171,0.64
10172,0.633333333333333
10173,0.35
10174,0.693333333333333
10175,0.566666666666667
10176,0.806666666666667
10177,0.526666666666667
10178,0.536666666666667
10179,0.34
10180,0.483333333333333
10181,0.433333333333333
10182,0.69
10183,0.636666666666667
10184,0.42
10185,0.453333333333333
10186,0.456666666666667
10187,0.47
10188,0.386666666666667
10189,0.333333333333333
10190,0.513333333333333
10191,0.673333333333333
10192,0.626666666666667
10193,0.406666666666667
10194,0.383333333333333
10195,0.436666666666667
10196,0.536666666666667
10197,0.543333333333333
10198,0.386666666666667
10199,0.433333333333333
10200,0.42
10201,0.416666666666667
10202,0.576666666666667
10203,0.62
10204,0.536666666666667
10205,0.436666666666667
10206,0.58
10207,0.346666666666667
10208,0.303333333333333
10209,0.34
10210,0.313333333333333
10211,0.4
10212,0.673333333333333
10213,0.583333333333333
10214,0.516666666666667
10215,0.526666666666667
10216,0.47
10217,0.48
10218,0.493333333333333
10219,0.493333333333333
10220,0.536666666666667
10221,0.603333333333333
10222,0.453333333333333
10223,0.503333333333333
10224,0.42
10225,0.41
10226,0.486666666666667
10227,0.516666666666667
10228,0.586666666666667
10229,0.346666666666667
10230,0.65
10231,0.593333333333333
10232,0.693333333333333
10233,0.59
10234,0.706666666666667
10235,0.536666666666667
10236,0.563333333333333
10237,0.53
10238,0.803333333333333
10239,0.496666666666667
10240,0.613333333333333
10241,0.586666666666667
10242,0.42
10243,0.493333333333333
10244,0.526666666666667
10245,0.45
10246,0.523333333333333
10247,0.556666666666667
10248,0.576666666666667
10249,0.523333333333333
10250,0.61
10251,0.55
10252,0.51
10253,0.636666666666667
10254,0.616666666666667
10255,0.55
10256,0.49
10257,0.543333333333333
10258,0.573333333333333
10259,0.543333333333333
10260,0.543333333333333
10261,0.476666666666667
10262,0.676666666666667
10263,0.413333333333333
10264,0.55
10265,0.573333333333333
10266,0.453333333333333
10267,0.503333333333333
10268,0.496666666666667
10269,0.626666666666667
10270,0.53
10271,0.553333333333333
10272,0.46
10273,0.56
10274,0.586666666666667
10275,0.646666666666667
10276,0.586666666666667
10277,0.483333333333333
10278,0.56
10279,0.476666666666667
10280,0.576666666666667
10281,0.456666666666667
10282,0.43
10283,0.403333333333333
10284,0.61
10285,0.733333333333333
10286,0.453333333333333
10287,0.63
10288,0.53
10289,0.423333333333333
10290,0.543333333333333
10291,0.48
10292,0.623333333333333
10293,0.68
10294,0.456666666666667
10295,0.52
10296,0.436666666666667
10297,0.41
10298,0.633333333333333
10299,0.466666666666667
10300,0.57
10301,0.696666666666667
10302,0.53
10303,0.656666666666667
10304,0.5
10305,0.48
10306,0.486666666666667
10307,0.7
10308,0.7
10309,0.576666666666667
10310,0.576666666666667
10311,0.493333333333333
10312,0.73
10313,0.54
10314,0.593333333333333
10315,0.693333333333333
10316,0.626666666666667
10317,0.61
10318,0.383333333333333
10319,0.473333333333333
10320,0.503333333333333
10321,0.516666666666667
10322,0.546666666666667
10323,0.54
10324,0.49
10325,0.643333333333333
10326,0.49
10327,0.726666666666667
10328,0.68
10329,0.58
10330,0.703333333333333
10331,0.593333333333333
10332,0.636666666666667
10333,0.726666666666667
10334,0.636666666666667
10335,0.543333333333333
10336,0.636666666666667
10337,0.513333333333333
10338,0.413333333333333
10339,0.383333333333333
10340,0.633333333333333
10341,0.583333333333333
10342,0.583333333333333
10343,0.586666666666667
10344,0.463333333333333
10345,0.583333333333333
10346,0.486666666666667
10347,0.52
10348,0.373333333333333
10349,0.65
10350,0.62
10351,0.403333333333333
10352,0.576666666666667
10353,0.603333333333333
10354,0.61
10355,0.53
10356,0.733333333333333
10357,0.4
10358,0.54
10359,0.576666666666667
10360,0.673333333333333
10361,0.47
10362,0.566666666666667
10363,0.366666666666667
10364,0.653333333333333
10365,0.556666666666667
10366,0.59
10367,0.56
10368,0.426666666666667
10369,0.623333333333333
10370,0.566666666666667
10371,0.56
10372,0.626666666666667
10373,0.47
10374,0.726666666666667
10375,0.756666666666667
10376,0.483333333333333
10377,0.59
10378,0.563333333333333
10379,0.656666666666667
10380,0.676666666666667
10381,0.563333333333333
10382,0.49
10383,0.443333333333333
10384,0.566666666666667
10385,0.603333333333333
10386,0.57
10387,0.586666666666667
10388,0.653333333333333
10389,0.443333333333333
10390,0.67
10391,0.69
10392,0.65
10393,0.506666666666667
10394,0.543333333333333
10395,0.566666666666667
10396,0.676666666666667
10397,0.553333333333333
10398,0.396666666666667
10399,0.65
10400,0.646666666666667
10401,0.553333333333333
10402,0.663333333333333
10403,0.536666666666667
10404,0.523333333333333
10405,0.413333333333333
10406,0.606666666666667
10407,0.536666666666667
10408,0.563333333333333
10409,0.5
10410,0.533333333333333
10411,0.493333333333333
10412,0.706666666666667
10413,0.703333333333333
10414,0.39
10415,0.513333333333333
10416,0.54
10417,0.656666666666667
10418,0.233333333333333
10419,0.38
10420,0.57
10421,0.58
10422,0.45
10423,0.38
10424,0.526666666666667
10425,0.46
10426,0.496666666666667
10427,0.55
10428,0.476666666666667
10429,0.536666666666667
10430,0.663333333333333
10431,0.55
10432,0.506666666666667
10433,0.48
10434,0.653333333333333
10435,0.556666666666667
10436,0.6
10437,0.496666666666667
10438,0.73
10439,0.736666666666667
10440,0.516666666666667
10441,0.553333333333333
10442,0.526666666666667
10443,0.563333333333333
10444,0.43
10445,0.683333333333333
10446,0.526666666666667
10447,0.586666666666667
10448,0.526666666666667
10449,0.54
10450,0.366666666666667
10451,0.503333333333333
10452,0.4
10453,0.51
10454,0.5
10455,0.556666666666667
10456,0.383333333333333
10457,0.366666666666667
10458,0.456666666666667
10459,0.333333333333333
10460,0.39
10461,0.463333333333333
10462,0.453333333333333
10463,0.57
10464,0.523333333333333
10465,0.303333333333333
10466,0.553333333333333
10467,0.513333333333333
10468,0.443333333333333
10469,0.41
10470,0.286666666666667
10471,0.356666666666667
10472,0.426666666666667
10473,0.393333333333333
10474,0.386666666666667
10475,0.346666666666667
10476,0.37
10477,0.493333333333333
10478,0.366666666666667
10479,0.4
10480,0.503333333333333
10481,0.476666666666667
10482,0.453333333333333
10483,0.406666666666667
10484,0.393333333333333
10485,0.273333333333333
10486,0.5
10487,0.323333333333333
10488,0.413333333333333
10489,0.476666666666667
10490,0.5
10491,0.536666666666667
10492,0.563333333333333
10493,0.75
10494,0.626666666666667
10495,0.666666666666667
10496,0.496666666666667
10497,0.653333333333333
10498,0.733333333333333
10499,0.39
10500,0.426666666666667
10501,0.603333333333333
10502,0.633333333333333
10503,0.476666666666667
10504,0.563333333333333
10505,0.393333333333333
10506,0.543333333333333
10507,0.596666666666667
10508,0.51
10509,0.576666666666667
10510,0.64
10511,0.546666666666667
10512,0.636666666666667
10513,0.6
10514,0.59
10515,0.65
10516,0.476666666666667
10517,0.506666666666667
10518,0.27
10519,0.483333333333333
10520,0.536666666666667
10521,0.633333333333333
10522,0.54
10523,0.426666666666667
10524,0.553333333333333
10525,0.583333333333333
10526,0.736666666666667
10527,0.703333333333333
10528,0.53
10529,0.553333333333333
10530,0.866666666666667
10531,0.603333333333333
10532,0.53
10533,0.59
10534,0.623333333333333
10535,0.496666666666667
10536,0.473333333333333
10537,0.586666666666667
10538,0.466666666666667
10539,0.526666666666667
10540,0.596666666666667
10541,0.546666666666667
10542,0.656666666666667
10543,0.496666666666667
10544,0.616666666666667
10545,0.47
10546,0.476666666666667
10547,0.613333333333333
10548,0.476666666666667
10549,0.573333333333333
10550,0.496666666666667
10551,0.543333333333333
10552,0.44
10553,0.473333333333333
10554,0.38
10555,0.533333333333333
10556,0.52
10557,0.526666666666667
10558,0.503333333333333
10559,0.553333333333333
10560,0.69
10561,0.523333333333333
10562,0.613333333333333
10563,0.483333333333333
10564,0.606666666666667
10565,0.55
10566,0.676666666666667
10567,0.7
10568,0.583333333333333
10569,0.636666666666667
10570,0.633333333333333
10571,0.51
10572,0.686666666666667
10573,0.826666666666667
10574,0.82
10575,0.743333333333333
10576,0.716666666666667
10577,0.603333333333333
10578,0.673333333333333
10579,0.61
10580,0.636666666666667
10581,0.516666666666667
10582,0.44
10583,0.44
10584,0.6
10585,0.51
10586,0.553333333333333
10587,0.486666666666667
10588,0.54
10589,0.62
10590,0.61
10591,0.44
10592,0.67
10593,0.646666666666667
10594,0.71
10595,0.676666666666667
10596,0.59
10597,0.503333333333333
10598,0.583333333333333
10599,0.596666666666667
10600,0.63
10601,0.553333333333333
10602,0.493333333333333
10603,0.656666666666667
10604,0.596666666666667
10605,0.67
10606,0.436666666666667
10607,0.58
10608,0.426666666666667
10609,0.553333333333333
10610,0.47
10611,0.52
10612,0.496666666666667
10613,0.336666666666667
10614,0.443333333333333
10615,0.61
10616,0.666666666666667
10617,0.526666666666667
10618,0.576666666666667
10619,0.46
10620,0.583333333333333
10621,0.51
10622,0.603333333333333
10623,0.616666666666667
10624,0.383333333333333
10625,0.406666666666667
10626,0.64
10627,0.633333333333333
10628,0.62
10629,0.403333333333333
10630,0.663333333333333
10631,0.753333333333333
10632,0.64
10633,0.633333333333333
10634,0.69
10635,0.533333333333333
10636,0.71
10637,0.43
10638,0.41
10639,0.54
10640,0.536666666666667
10641,0.616666666666667
10642,0.693333333333333
10643,0.596666666666667
10644,0.536666666666667
10645,0.566666666666667
10646,0.56
10647,0.59
10648,0.626666666666667
10649,0.703333333333333
10650,0.556666666666667
10651,0.53
10652,0.686666666666667
10653,0.536666666666667
10654,0.636666666666667
10655,0.63
10656,0.54
10657,0.393333333333333
10658,0.513333333333333
10659,0.556666666666667
10660,0.493333333333333
10661,0.553333333333333
10662,0.576666666666667
10663,0.643333333333333
10664,0.523333333333333
10665,0.55
10666,0.59
10667,0.51
10668,0.623333333333333
10669,0.5
10670,0.49
10671,0.536666666666667
10672,0.43
10673,0.556666666666667
10674,0.463333333333333
10675,0.58
10676,0.51
10677,0.556666666666667
10678,0.626666666666667
10679,0.506666666666667
10680,0.516666666666667
10681,0.53
10682,0.506666666666667
10683,0.463333333333333
10684,0.583333333333333
10685,0.683333333333333
10686,0.55
10687,0.41
10688,0.566666666666667
10689,0.59
10690,0.49
10691,0.46
10692,0.65
10693,0.52
10694,0.496666666666667
10695,0.52
10696,0.603333333333333
10697,0.53
10698,0.626666666666667
10699,0.513333333333333
10700,0.396666666666667
10701,0.353333333333333
10702,0.403333333333333
10703,0.55
10704,0.516666666666667
10705,0.41
10706,0.503333333333333
10707,0.55
10708,0.343333333333333
10709,0.613333333333333
10710,0.613333333333333
10711,0.323333333333333
10712,0.486666666666667
10713,0.623333333333333
10714,0.356666666666667
10715,0.486666666666667
10716,0.456666666666667
10717,0.27
10718,0.376666666666667
10719,0.46
10720,0.323333333333333
10721,0.46
10722,0.42
10723,0.25
10724,0.306666666666667
10725,0.33
10726,0.453333333333333
10727,0.32
10728,0.343333333333333
10729,0.513333333333333
10730,0.596666666666667
10731,0.383333333333333
10732,0.52
10733,0.506666666666667
10734,0.31
10735,0.473333333333333
10736,0.433333333333333
10737,0.633333333333333
10738,0.413333333333333
10739,0.396666666666667
10740,0.386666666666667
10741,0.233333333333333
10742,0.39
10743,0.38
10744,0.363333333333333
10745,0.38
10746,0.43
10747,0.33
10748,0.513333333333333
10749,0.65
10750,0.17
10751,0.403333333333333
10752,0.42
10753,0.31
10754,0.523333333333333
10755,0.536666666666667
10756,0.623333333333333
10757,0.263333333333333
10758,0.396666666666667
10759,0.4
10760,0.68
10761,0.393333333333333
10762,0.523333333333333
10763,0.656666666666667
10764,0.423333333333333
10765,0.376666666666667
10766,0.473333333333333
10767,0.52
10768,0.28
10769,0.493333333333333
10770,0.463333333333333
10771,0.303333333333333
10772,0.476666666666667
10773,0.363333333333333
10774,0.373333333333333
10775,0.396666666666667
10776,0.28
10777,0.373333333333333
10778,0.466666666666667
10779,0.623333333333333
10780,0.53
10781,0.373333333333333
10782,0.373333333333333
10783,0.283333333333333
10784,0.513333333333333
10785,0.243333333333333
10786,0.32
10787,0.376666666666667
10788,0.0266666666666667
10789,0.493333333333333
10790,0.223333333333333
10791,0.43
10792,0.53
10793,0.3
10794,0.516666666666667
10795,0.526666666666667
10796,0.49
10797,0.263333333333333
10798,0.326666666666667
10799,0.63
10800,0.45
10801,0.576666666666667
10802,0.413333333333333
10803,0.476666666666667
10804,0.543333333333333
10805,0.63
10806,0.716666666666667
10807,0.516666666666667
10808,0.526666666666667
10809,0.46
10810,0.43
10811,0.51
10812,0.566666666666667
10813,0.636666666666667
10814,0.41
10815,0.606666666666667
10816,0.46
10817,0.573333333333333
10818,0.64
10819,0.403333333333333
10820,0.593333333333333
10821,0.583333333333333
10822,0.616666666666667
10823,0.456666666666667
10824,0.643333333333333
10825,0.396666666666667
10826,0.53
10827,0.546666666666667
10828,0.563333333333333
10829,0.483333333333333
10830,0.55
10831,0.603333333333333
10832,0.556666666666667
10833,0.513333333333333
10834,0.506666666666667
10835,0.553333333333333
10836,0.5
10837,0.47
10838,0.636666666666667
10839,0.716666666666667
10840,0.523333333333333
10841,0.69
10842,0.563333333333333
10843,0.713333333333333
10844,0.653333333333333
10845,0.503333333333333
10846,0.523333333333333
10847,0.686666666666667
10848,0.546666666666667
10849,0.646666666666667
10850,0.58
10851,0.493333333333333
10852,0.573333333333333
10853,0.57
10854,0.45
10855,0.553333333333333
10856,0.64
10857,0.596666666666667
10858,0.476666666666667
10859,0.623333333333333
10860,0.44
10861,0.503333333333333
10862,0.626666666666667
10863,0.506666666666667
10864,0.543333333333333
10865,0.39
10866,0.643333333333333
10867,0.533333333333333
10868,0.513333333333333
10869,0.636666666666667
10870,0.363333333333333
10871,0.756666666666667
10872,0.613333333333333
10873,0.46
10874,0.75
10875,0.606666666666667
10876,0.426666666666667
10877,0.683333333333333
10878,0.54
10879,0.586666666666667
10880,0.59
10881,0.523333333333333
10882,0.576666666666667
10883,0.483333333333333
10884,0.546666666666667
10885,0.423333333333333
10886,0.49
10887,0.556666666666667
10888,0.626666666666667
10889,0.48
10890,0.53
10891,0.383333333333333
10892,0.613333333333333
10893,0.693333333333333
10894,0.493333333333333
10895,0.323333333333333
10896,0.493333333333333
10897,0.69
10898,0.53
10899,0.63
10900,0.37
10901,0.53
10902,0.66
10903,0.443333333333333
10904,0.453333333333333
10905,0.49
10906,0.456666666666667
10907,0.456666666666667
10908,0.453333333333333
10909,0.606666666666667
10910,0.586666666666667
10911,0.456666666666667
10912,0.593333333333333
10913,0.52
10914,0.773333333333333
10915,0.533333333333333
10916,0.706666666666667
10917,0.533333333333333
10918,0.463333333333333
10919,0.373333333333333
10920,0.356666666666667
10921,0.423333333333333
10922,0.536666666666667
10923,0.41
10924,0.356666666666667
10925,0.323333333333333
10926,0.6
10927,0.3
10928,0.223333333333333
10929,0.4
10930,0.466666666666667
10931,0.346666666666667
10932,0.68
10933,0.556666666666667
10934,0.386666666666667
10935,0.59
10936,0.456666666666667
10937,0.593333333333333
10938,0.506666666666667
10939,0.353333333333333
10940,0.41
10941,0.286666666666667
10942,0.473333333333333
10943,0.363333333333333
10944,0.633333333333333
10945,0.466666666666667
10946,0.44
10947,0.68
10948,0.523333333333333
10949,0.583333333333333
10950,0.09
10951,0.44
10952,0.426666666666667
10953,0.45
10954,0.483333333333333
10955,0.553333333333333
10956,0.613333333333333
10957,0.37
10958,0.54
10959,0.46
10960,0.693333333333333
10961,0.446666666666667
10962,0.53
10963,0.423333333333333
10964,0.433333333333333
10965,0.456666666666667
10966,0.406666666666667
10967,0.656666666666667
10968,0.576666666666667
10969,0.366666666666667
10970,0.693333333333333
10971,0.51
10972,0.596666666666667
10973,0.453333333333333
10974,0.656666666666667
10975,0.49
10976,0.463333333333333
10977,0.423333333333333
10978,0.48
10979,0.303333333333333
10980,0.476666666666667
10981,0.286666666666667
10982,0.38
10983,0.563333333333333
10984,0.426666666666667
10985,0.5
10986,0.49
10987,0.493333333333333
10988,0.376666666666667
10989,0.24
10990,0.45
10991,0.36
10992,0.443333333333333
10993,0.463333333333333
10994,0.483333333333333
10995,0.346666666666667
10996,0.52
10997,0.45
10998,0.296666666666667
10999,0.29
